1,models/4/align-116/1/0485_02.png
2,models/4/align-116/2/0499_01.png
3,models/4/align-116/3/0383_01.png
4,models/4/align-116/4/0019_01.png
4,models/4/align-116/4/0048_01.png
4,models/4/align-116/4/0097_01.png
4,models/4/align-116/4/0041_01.png
4,models/4/align-116/4/0035_01.png
4,models/4/align-116/4/0091_01.png
4,models/4/align-116/4/0016_01.png
4,models/4/align-116/4/0077_03.png
4,models/4/align-116/4/0099_01.png
4,models/4/align-116/4/0025_01.png
4,models/4/align-116/4/0056_01.png
4,models/4/align-116/4/0052_02.png
4,models/4/align-116/4/0536_01.png
4,models/4/align-116/4/0044_01.png
4,models/4/align-116/4/0071_01.png
4,models/4/align-116/4/0037_01.png
4,models/4/align-116/4/0105_01.png
4,models/4/align-116/4/0098_02.png
4,models/4/align-116/4/0043_02.png
4,models/4/align-116/4/0051_02.png
4,models/4/align-116/4/0035_02.png
4,models/4/align-116/4/0009_01.png
4,models/4/align-116/4/0004_01.png
4,models/4/align-116/4/0012_01.png
4,models/4/align-116/4/0080_01.png
4,models/4/align-116/4/0066_01.png
4,models/4/align-116/4/0003_01.png
4,models/4/align-116/4/0076_01.png
4,models/4/align-116/4/0099_02.png
4,models/4/align-116/4/0060_02.png
4,models/4/align-116/4/0103_01.png
4,models/4/align-116/4/0095_01.png
4,models/4/align-116/4/0073_01.png
4,models/4/align-116/4/0081_01.png
4,models/4/align-116/4/0038_03.png
4,models/4/align-116/4/0034_01.png
4,models/4/align-116/4/0013_01.png
4,models/4/align-116/4/0083_01.png
4,models/4/align-116/4/0065_01.png
4,models/4/align-116/4/0031_03.png
4,models/4/align-116/4/0008_01.png
4,models/4/align-116/4/0086_01.png
4,models/4/align-116/4/0107_01.png
4,models/4/align-116/4/0089_01.png
4,models/4/align-116/4/0032_01.png
4,models/4/align-116/4/0039_01.png
4,models/4/align-116/4/0028_01.png
4,models/4/align-116/4/0102_01.png
4,models/4/align-116/4/0060_04.png
4,models/4/align-116/4/0064_01.png
4,models/4/align-116/4/0106_01.png
4,models/4/align-116/4/0055_02.png
4,models/4/align-116/4/0050_01.png
4,models/4/align-116/4/0053_01.png
4,models/4/align-116/4/0011_01.png
4,models/4/align-116/4/0079_01.png
4,models/4/align-116/4/0096_01.png
4,models/4/align-116/4/0040_01.png
4,models/4/align-116/4/0028_02.png
4,models/4/align-116/4/0063_01.png
4,models/4/align-116/4/0046_01.png
4,models/4/align-116/4/0057_01.png
4,models/4/align-116/4/0029_01.png
4,models/4/align-116/4/0015_01.png
4,models/4/align-116/4/0038_04.png
4,models/4/align-116/4/0018_01.png
4,models/4/align-116/4/0092_02.png
4,models/4/align-116/4/0059_01.png
4,models/4/align-116/4/0038_01.png
4,models/4/align-116/4/0062_01.png
4,models/4/align-116/4/0094_01.png
4,models/4/align-116/4/0072_01.png
4,models/4/align-116/4/0021_01.png
4,models/4/align-116/4/0070_01.png
4,models/4/align-116/4/0001_01.png
4,models/4/align-116/4/0075_01.png
4,models/4/align-116/4/0104_01.png
4,models/4/align-116/4/0030_01.png
4,models/4/align-116/4/0033_01.png
4,models/4/align-116/4/0022_01.png
4,models/4/align-116/4/0045_01.png
4,models/4/align-116/4/0005_02.png
4,models/4/align-116/4/0078_01.png
4,models/4/align-116/4/0082_01.png
4,models/4/align-116/4/0002_01.png
4,models/4/align-116/4/0010_01.png
4,models/4/align-116/4/0101_01.png
4,models/4/align-116/4/0100_01.png
4,models/4/align-116/4/0093_01.png
4,models/4/align-116/4/0088_01.png
4,models/4/align-116/4/0014_01.png
4,models/4/align-116/4/0105_02.png
4,models/4/align-116/4/0007_01.png
4,models/4/align-116/4/0027_01.png
4,models/4/align-116/4/0047_01.png
4,models/4/align-116/4/0087_01.png
4,models/4/align-116/4/0054_01.png
4,models/4/align-116/4/0020_01.png
4,models/4/align-116/4/0069_01.png
4,models/4/align-116/4/0038_02.png
4,models/4/align-116/4/0067_01.png
4,models/4/align-116/4/0085_01.png
4,models/4/align-116/4/0036_01.png
4,models/4/align-116/4/0084_01.png
4,models/4/align-116/4/0090_01.png
4,models/4/align-116/4/0074_01.png
4,models/4/align-116/4/0026_01.png
4,models/4/align-116/4/0049_01.png
4,models/4/align-116/4/0024_01.png
4,models/4/align-116/4/0058_01.png
4,models/4/align-116/4/0092_01.png
4,models/4/align-116/4/0006_01.png
4,models/4/align-116/4/0023_01.png
4,models/4/align-116/4/0068_01.png
4,models/4/align-116/4/0042_01.png
4,models/4/align-116/4/0061_01.png
4,models/4/align-116/4/0017_01.png
5,models/4/align-116/5/0464_01.png
6,models/4/align-116/6/0466_02.png
7,models/4/align-116/7/0434_02.png
